订单编号,商品名称,备注
"3140687821231722055", "花花公子男士袜子男款纯棉防臭7a抗菌中筒袜全棉透气商务男袜冬季", "留言:放门口"
"3140393343525722055", "花花公子男士袜子男款纯棉防臭7a抗菌中筒袜全棉透气商务男袜冬季", ""
"3428141329928722055", "摄徒运动相机 运动摄像机 潜水 摩托车头盔骑行 行车记录仪 配件", ""
"3417382875711722055", "摄徒运动相机 运动摄像机 潜水 摩托车头盔骑行 行车记录仪 配件", ""
"3373032816474722055", "摄徒运动相机 运动摄像机 潜水 摩托车头盔骑行 行车记录仪 配件", ""
"3328823127128722055", "话费充值-天津移动", ""
"3322511964338722055", "话费充值-天津移动", ""
"3297023355641722055", "话费充值-天津移动", ""
"3285939996522722055", "话费充值-广东电信", ""
"3275960978869722055", "透明塑料周转箱胶箱带盖长方形物料零件收纳箱框物流箱养龟养鱼箱", ""
"3275960978870722055", "话费充值-天津移动", ""
"3228738552584722055", "FOG MURUA复线第七季主线新款情侣1977潮牌T恤高街外穿打底男女款", ""
"3176270569243722055", "无袖t恤男潮夏季潮牌宽松纯棉坎肩男装运动健身篮球砍袖背心男款", ""
"3129357999922722055", "话费充值-天津移动", ""
"3063335475638722055", "话费充值-天津移动", ""
"3036021768106722055", "话费充值-天津移动", ""
"3036668653289722055", "话费充值-天津移动", ""
"3034903394202722055", "ROS机器人麦轮小车AI视觉智能建图导航SLAM深度学习JETSON树莓派", ""
"3034563949131722055", "亚博智能 ROS机器人阿克曼底盘无人驾驶小车建图导航JETSON NANO", ""
"2994074498282722055", "2021ROS机器人系统SLAM无人驾驶/机械臂/手写VIO项目实战视频教程", ""
"2920653648403722055", "ROS机器人 SLAM 激光 视觉 雷达 定位导航 Gazebo AR视频教程", ""
"2879305239231722055", "话费充值-天津移动", ""
"2866233351170722055", "话费充值-天津移动", ""
"2857517640334722055", "【99价】向日葵开机智能插座wifi插头插板遥控家用手机远程控制电脑游戏", ""
"2791293012721722055", "订票助手.NET短信2元充值卡", ""
"2730484548521722055", "话费充值-天津移动", ""
"2666872514707722055", "话费充值-天津移动", ""
"1556630978669722055", "话费充值-天津移动", ""
"2605562893982722055", "话费充值-天津移动", ""
"2552476248128722055", "小米体重秤2，1号，生锈严重，功能无问题。介意勿扰不议价", ""